Data extragerii,Nr.1,Nr.2,Nr.3,Nr.4,Nr.5,Nr.6
12/01/1995,5,13,26,38,37,25
19/01/1995,20,32,38,21,5,11
26/01/1995,32,27,38,11,10,29
02/02/1995,10,36,31,40,3,38
09/02/1995,24,11,21,32,22,15
16/02/1995,32,5,8,7,22,24
23/02/1995,38,31,11,10,8,37
09/03/1995,12,25,1,6,22,9
16/03/1995,35,10,7,17,27,26
23/03/1995,6,4,9,25,32,38
30/03/1995,14,20,30,18,10,2
06/04/1995,11,23,15,40,4,1
13/04/1995,6,27,35,11,22,34
20/04/1995,9,4,35,1,31,19
27/04/1995,20,4,35,33,12,11
04/05/1995,9,6,39,1,7,34
11/05/1995,33,2,34,11,30,25
18/05/1995,36,27,24,29,25,26
25/05/1995,21,22,13,24,32,26
01/06/1995,9,39,10,17,40,5
08/06/1995,28,10,34,13,36,4
15/06/1995,26,34,6,22,39,20
22/06/1995,27,15,23,28,6,4
29/06/1995,17,24,20,19,26,15
06/07/1995,18,21,27,13,5,31
13/07/1995,5,21,36,3,29,11
20/07/1995,39,14,22,27,40,23
27/07/1995,1,30,13,15,11,20
03/08/1995,8,5,34,33,14,1
10/08/1995,2,13,24,28,37,22
17/08/1995,19,3,25,31,38,22
24/08/1995,37,18,23,32,30,17
31/08/1995,14,37,35,13,33,21
07/09/1995,23,33,35,27,20,32
14/09/1995,14,12,37,40,21,7
21/09/1995,27,3,19,20,37,31
28/09/1995,21,29,33,12,36,38
05/10/1995,21,40,9,35,19,26
12/10/1995,26,19,37,36,18,4
19/10/1995,23,24,14,10,5,29
26/10/1995,23,38,32,8,17,4
02/11/1995,9,22,14,12,17,25
09/11/1995,29,5,32,15,20,40
16/11/1995,5,7,34,28,16,19
23/11/1995,4,17,6,25,34,9
30/11/1995,33,12,37,2,13,1
07/12/1995,8,23,30,22,3,11
14/12/1995,3,34,39,1,31,25
21/12/1995,5,24,17,11,18,32
07/01/1996,27,36,9,21,26,32
11/01/1996,38,6,24,36,19,34
18/01/1996,22,3,24,2,12,4
25/01/1996,19,6,38,2,14,31
01/02/1996,17,4,33,30,39,35
08/02/1996,1,38,23,30,2,37
15/02/1996,16,17,34,6,15,32
22/02/1996,40,22,4,39,24,29
07/03/1996,10,29,2,25,36,16
14/03/1996,40,4,8,22,2,13
21/03/1996,16,25,3,14,7,29
28/03/1996,33,27,22,12,19,10
04/04/1996,40,25,30,11,12,9
11/04/1996,32,35,28,12,11,33
18/04/1996,31,36,29,2,26,34
25/04/1996,35,40,33,25,32,5
02/05/1996,38,31,8,35,20,6
09/05/1996,21,10,39,30,29,2
16/05/1996,11,17,18,7,4,21
23/05/1996,16,26,4,35,12,9
30/05/1996,37,23,22,14,2,29
06/06/1996,3,23,4,17,31,32
13/06/1996,25,18,26,1,27,21
20/06/1996,21,29,38,40,20,7
27/06/1996,37,26,9,28,39,13
04/07/1996,8,12,38,6,16,11
11/07/1996,39,16,1,10,5,35
18/07/1996,36,19,26,34,38,10
25/07/1996,40,37,14,30,16,13
01/08/1996,37,40,20,1,12,9
08/08/1996,7,35,3,40,18,25
15/08/1996,19,33,29,3,27,7
22/08/1996,13,31,26,7,33,10
29/08/1996,6,15,10,20,39,12
05/09/1996,4,20,17,7,39,15
12/09/1996,3,35,5,19,38,22
19/09/1996,13,16,18,29,2,9
26/09/1996,13,17,8,22,10,39
03/10/1996,26,18,10,8,16,14
10/10/1996,26,27,4,36,13,19
17/10/1996,31,6,27,39,14,18
24/10/1996,15,31,16,20,5,1
31/10/1996,10,15,20,21,4,5
07/11/1996,36,33,16,10,9,39
14/11/1996,32,20,31,24,5,23
21/11/1996,13,7,22,9,24,30
28/11/1996,32,7,25,21,15,40
05/12/1996,22,37,17,20,29,24
12/12/1996,11,17,32,20,1,28
19/12/1996,25,8,18,12,23,38
05/01/1997,22,1,29,33,18,27
09/01/1997,22,29,6,26,24,15
16/01/1997,29,6,36,21,33,35
23/01/1997,18,21,28,10,7,1
30/01/1997,28,3,34,16,25,38
06/02/1997,21,14,38,22,11,23
13/02/1997,25,37,10,20,24,40
20/02/1997,1,40,16,11,24,17
27/02/1997,16,1,14,32,30,33
06/03/1997,38,6,22,21,32,20
13/03/1997,5,38,8,25,37,3
20/03/1997,35,39,11,28,27,19
27/03/1997,3,33,9,21,18,17
03/04/1997,15,30,28,40,37,5
10/04/1997,5,10,12,30,19,35
17/04/1997,7,1,37,18,29,35
24/04/1997,4,18,16,19,5,21
01/05/1997,23,40,37,13,34,8
08/05/1997,40,26,21,6,14,5
15/05/1997,4,38,22,27,25,26
22/05/1997,21,6,34,24,28,18
29/05/1997,20,21,31,5,35,28
05/06/1997,11,14,15,35,34,3
12/06/1997,32,5,38,7,36,8
19/06/1997,9,6,28,19,25,13
26/06/1997,24,14,27,22,15,5
03/07/1997,33,22,30,13,29,36
10/07/1997,16,4,20,12,3,2
17/07/1997,20,36,37,23,3,19
24/07/1997,30,18,36,4,14,20
31/07/1997,29,14,22,16,8,30
07/08/1997,11,32,17,14,18,8
14/08/1997,30,4,6,23,13,21
21/08/1997,14,23,38,18,37,11
28/08/1997,5,33,3,32,29,16
04/09/1997,9,10,30,35,36,23
11/09/1997,35,10,11,26,16,2
18/09/1997,19,33,23,14,8,20
25/09/1997,35,9,3,25,22,8
02/10/1997,37,20,3,8,28,27
09/10/1997,14,15,26,40,11,3
16/10/1997,14,26,7,12,24,19
23/10/1997,25,33,14,20,2,15
30/10/1997,35,20,2,31,28,16
06/11/1997,35,32,4,30,40,29
13/11/1997,23,11,36,26,2,12
20/11/1997,3,27,23,15,4,37
27/11/1997,6,21,25,39,32,18
04/12/1997,5,8,4,37,39,30
11/12/1997,34,32,15,18,31,40
18/12/1997,40,25,18,17,21,4
08/01/1998,22,15,13,30,28,39
,,,,,,
15/01/1998,30,25,19,36,2,37
,,,,,,
22/01/1998,16,12,9,26,10,1
,,,,,,
29/01/1998,40,20,14,19,38,28
,,,,,,
05/02/1998,39,23,17,18,14,20
,,,,,,
12/02/1998,6,40,39,25,21,4
,,,,,,
19/02/1998,7,13,9,34,28,11
,,,,,,
26/02/1998,24,37,5,31,19,17
,,,,,,
05/03/1998,18,12,13,7,37,29
,,,,,,
12/03/1998,16,36,9,34,40,3
,,,,,,
19/03/1998,33,7,4,34,29,37
,,,,,,
26/03/1998,6,7,21,33,14,28
,,,,,,
02/04/1998,23,8,12,28,5,6
,,,,,,
09/04/1998,14,7,2,10,37,29
,,,,,,
16/04/1998,8,4,12,9,20,5
,,,,,,
23/04/1998,37,9,24,34,21,2
,,,,,,
30/04/1998,17,40,20,34,35,26
,,,,,,
07/05/1998,3,33,5,30,12,15
,,,,,,
14/05/1998,21,34,14,23,30,25
,,,,,,
21/05/1998,19,39,27,37,31,30
,,,,,,
28/05/1998,40,35,39,37,29,33
,,,,,,
04/06/1998,34,21,23,14,6,27
,,,,,,
11/06/1998,20,16,26,27,2,32
,,,,,,
18/06/1998,22,23,11,16,39,2
,,,,,,
25/06/1998,32,35,2,37,6,38
,,,,,,
02/07/1998,16,33,14,32,27,8
,,,,,,
09/07/1998,15,14,21,26,40,17
,,,,,,
16/07/1998,37,1,18,20,32,11
,,,,,,
23/07/1998,3,25,36,22,32,18
,,,,,,
30/07/1998,10,36,20,9,22,35
,,,,,,
06/08/1998,23,30,20,28,5,7
,,,,,,
13/08/1998,34,29,22,14,38,30
,,,,,,
20/08/1998,15,40,9,2,12,22
,,,,,,
27/08/1998,20,31,1,35,40,11
,,,,,,
03/09/1998,34,36,15,21,11,16
,,,,,,
10/09/1998,36,13,37,11,34,7
,,,,,,
17/09/1998,20,14,17,36,8,2
,,,,,,
24/09/1998,28,12,30,37,21,7
,,,,,,
01/10/1998,30,38,16,12,1,14
,,,,,,
08/10/1998,37,3,30,29,24,5
,,,,,,
15/10/1998,39,25,29,17,40,9
,,,,,,
22/10/1998,26,27,3,11,20,5
,,,,,,
29/10/1998,10,38,14,2,18,31
,,,,,,
05/11/1998,4,9,23,29,22,1
,,,,,,
12/11/1998,3,24,31,17,29,11
,,,,,,
19/11/1998,25,5,33,38,27,10
,,,,,,
26/11/1998,24,13,3,35,2,40
,,,,,,
03/12/1998,35,34,18,21,36,24
,,,,,,
10/12/1998,9,40,15,7,4,18
,,,,,,
17/12/1998,30,6,25,2,28,38
,,,,,,
24/12/1998,25,27,20,21,2,38
,,,,,,
07/01/1999,31,34,39,4,2,7
,,,,,,
14/01/1999,7,36,30,14,24,38
,,,,,,
21/01/1999,29,6,2,40,20,25
,,,,,,
28/01/1999,32,35,37,31,39,30
,,,,,,
04/02/1999,10,38,24,29,14,23
,,,,,,
11/02/1999,17,28,38,20,7,21
,,,,,,
18/02/1999,8,30,14,7,36,12
,,,,,,
25/02/1999,37,16,6,29,2,3
,,,,,,
04/03/1999,34,32,15,3,37,29
,,,,,,
11/03/1999,19,30,7,35,27,13
,,,,,,
18/03/1999,17,29,25,11,22,13
,,,,,,
25/03/1999,15,13,38,5,23,33
,,,,,,
01/04/1999,14,40,19,18,32,38
,,,,,,
08/04/1999,33,7,34,2,30,13
,,,,,,
15/04/1999,5,27,21,23,7,13
,,,,,,
22/04/1999,10,27,17,31,22,34
,,,,,,
29/04/1999,5,40,18,27,29,19
,,,,,,
06/05/1999,10,19,36,12,25,30
,,,,,,
13/05/1999,30,15,37,9,10,33
,,,,,,
20/05/1999,8,27,26,30,34,7
,,,,,,
27/05/1999,5,25,35,22,40,3
,,,,,,
03/06/1999,4,26,23,37,9,22
,,,,,,
10/06/1999,34,24,22,30,38,31
,,,,,,
17/06/1999,40,2,26,33,16,30
,,,,,,
24/06/1999,22,21,40,10,28,32
,,,,,,
01/07/1999,10,6,19,25,37,4
,,,,,,
08/07/1999,16,28,38,27,36,21
,,,,,,
15/07/1999,15,17,30,33,2,19
,,,,,,
22/07/1999,14,39,26,19,20,32
,,,,,,
29/07/1999,23,25,11,1,21,14
,,,,,,
05/08/1999,21,3,39,33,15,40
,,,,,,
12/08/1999,26,15,27,29,12,1
,,,,,,
19/08/1999,27,4,30,37,5,14
,,,,,,
26/08/1999,14,8,28,39,32,10
,,,,,,
02/09/1999,27,17,37,4,24,21
,,,,,,
09/09/1999,35,5,4,21,36,40
,,,,,,
16/09/1999,30,25,26,34,33,20
,,,,,,
23/09/1999,7,10,9,11,2,18
,,,,,,
30/09/1999,37,8,29,26,19,21
,,,,,,
07/10/1999,8,30,19,5,16,10
,,,,,,
14/10/1999,35,6,3,22,15,10
,,,,,,
21/10/1999,23,8,36,17,33,9
,,,,,,
28/10/1999,16,38,17,39,32,20
,,,,,,
04/11/1999,32,37,30,1,15,40
,,,,,,
11/11/1999,28,7,19,8,10,1
,,,,,,
18/11/1999,30,4,15,6,28,29
,,,,,,
25/11/1999,16,5,11,14,31,35
,,,,,,
02/12/1999,28,8,6,24,36,21
,,,,,,
09/12/1999,2,34,31,9,38,19
,,,,,,
16/12/1999,3,19,4,12,36,32
,,,,,,
23/12/1999,22,14,10,23,12,33
,,,,,,
06/01/2000,9,24,2,29,31,1
,,,,,,
13/01/2000,30,36,1,10,38,34
,,,,,,
20/01/2000,28,5,29,38,4,6
,,,,,,
27/01/2000,40,31,37,12,34,7
,,,,,,
03/02/2000,3,15,37,29,38,36
,,,,,,
10/02/2000,2,17,6,39,34,14
,,,,,,
17/02/2000,3,25,14,27,23,36
,,,,,,
24/02/2000,18,6,4,31,39,14
,,,,,,
02/03/2000,38,21,15,5,14,8
,,,,,,
09/03/2000,39,21,31,6,9,23
,,,,,,
16/03/2000,4,20,5,1,3,12
,,,,,,
23/03/2000,27,30,10,39,36,7
,,,,,,
30/03/2000,27,10,3,29,9,34
,,,,,,
06/04/2000,25,9,17,3,35,13
,,,,,,
13/04/2000,13,6,39,9,37,19
,,,,,,
20/04/2000,37,15,28,18,20,9
,,,,,,
27/04/2000,22,16,19,5,31,30
,,,,,,
04/05/2000,39,2,3,11,10,23
,,,,,,
11/05/2000,15,28,14,32,2,11
,,,,,,
18/05/2000,38,1,9,20,2,32
,,,,,,
25/05/2000,20,5,34,1,18,2
,,,,,,
01/06/2000,24,37,11,5,26,15
,,,,,,
08/06/2000,14,3,12,4,8,23
,,,,,,
15/06/2000,17,23,38,34,6,36
,,,,,,
22/06/2000,9,23,28,37,4,14
,,,,,,
29/06/2000,28,2,13,6,36,40
,,,,,,
06/07/2000,26,6,32,21,18,27
,,,,,,
13/07/2000,19,24,5,34,37,12
,,,,,,
20/07/2000,34,40,36,39,33,26
,,,,,,
27/07/2000,27,3,13,36,17,32
,,,,,,
03/08/2000,29,22,2,34,17,10
,,,,,,
10/08/2000,12,4,37,20,36,1
,,,,,,
17/08/2000,8,3,1,40,30,22
,,,,,,
24/08/2000,11,17,32,27,33,40
,,,,,,
31/08/2000,19,12,23,37,34,1
,,,,,,
07/09/2000,21,29,30,10,37,34
,,,,,,
14/09/2000,11,24,8,19,31,25
,,,,,,
21/09/2000,8,12,33,23,28,37
,,,,,,
28/09/2000,5,21,17,2,23,3
,,,,,,
05/10/2000,19,14,35,36,26,37
,,,,,,
12/10/2000,13,17,38,21,2,36
,,,,,,
19/10/2000,12,19,20,3,22,28
,,,,,,
26/10/2000,15,31,23,29,30,7
,,,,,,
02/11/2000,21,40,12,9,2,6
,,,,,,
09/11/2000,16,2,26,25,4,31
,,,,,,
16/11/2000,3,6,38,1,17,22
,,,,,,
23/11/2000,26,25,12,7,11,13
,,,,,,
30/11/2000,25,33,18,21,19,28
,,,,,,
07/12/2000,14,38,1,29,16,18
,,,,,,
14/12/2000,9,40,29,2,38,14
,,,,,,
21/12/2000,25,14,6,4,23,16
,,,,,,
04/01/2001,33,40,35,9,14,32
,,,,,,
11/01/2001,21,25,28,33,10,24
,,,,,,
18/01/2001,7,22,25,38,9,27
,,,,,,
25/01/2001,18,6,7,13,17,30
,,,,,,
01/02/2001,31,14,11,10,6,2
,,,,,,
08/02/2001,19,27,34,26,5,3
,,,,,,
15/02/2001,30,26,34,32,31,36
,,,,,,
22/02/2001,10,24,23,13,14,40
,,,,,,
01/03/2001,3,34,40,17,19,35
,,,,,,
08/03/2001,4,22,30,6,8,28
,,,,,,
15/03/2001,6,4,22,18,38,9
,,,,,,
22/03/2001,27,1,13,21,23,33
,,,,,,
29/03/2001,17,28,27,3,24,9
,,,,,,
05/04/2001,16,23,35,4,8,39
,,,,,,
12/04/2001,17,31,28,1,21,6
,,,,,,
19/04/2001,18,37,16,21,5,25
,,,,,,
26/04/2001,22,16,35,36,27,32
,,,,,,
03/05/2001,8,6,37,2,20,38
,,,,,,
10/05/2001,35,17,19,24,31,10
,,,,,,
17/05/2001,33,4,17,30,1,6
,,,,,,
24/05/2001,31,24,28,30,25,9
,,,,,,
31/05/2001,26,22,5,29,23,3
,,,,,,
07/06/2001,9,3,20,28,30,10
,,,,,,
14/06/2001,23,33,22,11,30,4
,,,,,,
21/06/2001,9,20,5,21,34,12
,,,,,,
28/06/2001,11,18,17,25,10,4
,,,,,,
05/07/2001,17,26,28,1,14,12
,,,,,,
12/07/2001,27,16,14,3,19,17
,,,,,,
19/07/2001,4,1,26,11,21,29
,,,,,,
26/07/2001,21,1,4,13,37,30
,,,,,,
02/08/2001,37,17,21,10,20,27
,,,,,,
09/08/2001,25,8,30,22,12,40
,,,,,,
16/08/2001,7,21,20,12,6,34
,,,,,,
23/08/2001,29,26,20,15,38,12
,,,,,,
30/08/2001,20,22,5,6,7,27
,,,,,,
06/09/2001,28,40,22,19,9,35
,,,,,,
13/09/2001,28,35,16,2,3,38
,,,,,,
20/09/2001,23,26,25,2,9,21
,,,,,,
27/09/2001,32,7,40,36,18,12
,,,,,,
04/10/2001,11,14,23,13,1,27
,,,,,,
11/10/2001,36,34,6,40,17,5
,,,,,,
18/10/2001,16,26,40,28,5,24
,,,,,,
25/10/2001,35,15,30,28,5,21
,,,,,,
01/11/2001,25,40,20,30,1,34
,,,,,,
08/11/2001,27,32,35,29,5,28
,,,,,,
15/11/2001,15,12,31,7,17,21
,,,,,,
22/11/2001,7,6,8,14,27,1
,,,,,,
29/11/2001,4,14,15,1,19,11
,,,,,,
06/12/2001,35,33,39,25,34,29
,,,,,,
13/12/2001,33,3,28,13,25,27
,,,,,,
20/12/2001,7,18,22,33,40,8
,,,,,,
10/01/2002,18,31,15,12,24,40
,,,,,,
17/01/2002,40,33,15,1,11,25
,,,,,,
24/01/2002,11,10,38,35,16,28
,,,,,,
31/01/2002,40,2,1,10,4,26
,,,,,,
07/02/2002,22,14,34,12,19,31
,,,,,,
14/02/2002,23,25,22,3,8,36
,,,,,,
21/02/2002,35,9,19,32,10,11
,,,,,,
28/02/2002,9,39,1,10,36,32
,,,,,,
07/03/2002,8,33,17,6,27,26
,,,,,,
14/03/2002,12,8,13,29,40,17
,,,,,,
21/03/2002,22,34,15,14,35,10
,,,,,,
28/03/2002,16,22,31,37,14,21
,,,,,,
04/04/2002,33,25,24,5,7,37
,,,,,,
11/04/2002,22,18,38,24,37,23
,,,,,,
18/04/2002,32,36,3,18,35,26
,,,,,,
25/04/2002,12,10,7,38,18,15
,,,,,,
02/05/2002,20,33,18,25,6,3
,,,,,,
09/05/2002,13,7,11,26,29,9
,,,,,,
16/05/2002,2,26,32,31,3,12
,,,,,,
23/05/2002,20,33,12,29,14,35
,,,,,,
30/05/2002,24,37,34,5,26,39
,,,,,,
06/06/2002,10,31,37,4,13,26
,,,,,,
13/06/2002,21,33,17,18,2,29
,,,,,,
20/06/2002,6,39,14,34,38,1
,,,,,,
27/06/2002,23,40,22,12,34,37
,,,,,,
04/07/2002,27,25,14,15,11,23
,,,,,,
11/07/2002,39,3,37,27,30,40
,,,,,,
18/07/2002,37,15,31,22,40,17
,,,,,,
25/07/2002,22,29,38,8,21,19
,,,,,,
01/08/2002,6,12,17,36,33,35
,,,,,,
08/08/2002,27,1,28,30,2,34
,,,,,,
15/08/2002,12,33,8,36,20,38
,,,,,,
22/08/2002,3,12,5,6,23,40
,,,,,,
29/08/2002,40,25,39,24,9,5
,,,,,,
05/09/2002,17,13,28,6,29,16
,,,,,,
12/09/2002,36,28,2,34,38,9
,,,,,,
19/09/2002,19,11,23,2,37,35
,,,,,,
26/09/2002,18,28,21,35,14,36
,,,,,,
03/10/2002,7,26,30,22,13,2
,,,,,,
10/10/2002,33,28,17,37,4,12
,,,,,,
17/10/2002,26,1,2,35,4,21
,,,,,,
24/10/2002,35,20,3,15,1,30
,,,,,,
31/10/2002,28,16,22,5,1,6
,,,,,,
07/11/2002,27,22,39,38,29,26
,,,,,,
14/11/2002,39,22,23,30,35,28
,,,,,,
21/11/2002,2,28,37,8,29,13
,,,,,,
28/11/2002,15,12,40,29,4,35
,,,,,,
05/12/2002,6,38,4,30,32,27
,,,,,,
12/12/2002,23,31,6,15,24,20
,,,,,,
19/12/2002,27,5,30,36,28,22
,,,,,,
27/12/2002,23,11,12,15,35,18
,,,,,,
09/01/2003,38,31,7,18,27,20
,,,,,,
16/01/2003,1,22,26,17,10,29
,,,,,,
23/01/2003,16,36,19,29,14,18
,,,,,,
30/01/2003,15,9,33,36,30,5
,,,,,,
06/02/2003,29,8,9,20,39,23
,,,,,,
13/02/2003,16,30,17,19,14,10
,,,,,,
20/02/2003,13,17,24,5,35,14
,,,,,,
27/02/2003,20,16,29,5,4,40
,,,,,,
06/03/2003,21,22,20,18,25,24
,,,,,,
13/03/2003,27,38,23,29,15,32
,,,,,,
20/03/2003,8,40,11,28,27,13
,,,,,,
27/03/2003,29,4,7,14,15,13
,,,,,,
03/04/2003,13,28,22,38,32,15
,,,,,,
10/04/2003,15,1,25,17,13,10
,,,,,,
17/04/2003,30,5,25,11,6,21
,,,,,,
24/04/2003,17,20,7,33,29,31
,,,,,,
01/05/2003,11,6,18,35,22,28
,,,,,,
08/05/2003,25,26,2,15,32,40
,,,,,,
15/05/2003,12,38,28,40,19,18
,,,,,,
22/05/2003,15,36,17,28,37,27
,,,,,,
29/05/2003,10,29,35,25,8,6
,,,,,,
05/06/2003,25,6,29,7,40,28
,,,,,,
12/06/2003,6,3,22,32,12,8
,,,,,,
19/06/2003,37,19,3,33,27,22
,,,,,,
26/06/2003,33,20,34,17,12,25
,,,,,,
03/07/2003,14,25,1,31,12,13
,,,,,,
10/07/2003,27,2,26,22,12,1
,,,,,,
17/07/2003,28,5,6,1,39,37
,,,,,,
24/07/2003,19,11,35,16,18,4
,,,,,,
31/07/2003,34,37,12,22,33,14
,,,,,,
07/08/2003,12,14,22,23,2,30
,,,,,,
14/08/2003,28,1,33,20,6,37
,,,,,,
21/08/2003,25,27,23,9,15,5
,,,,,,
28/08/2003,3,24,31,36,18,30
,,,,,,
04/09/2003,20,28,31,9,22,37
,,,,,,
11/09/2003,2,13,21,7,3,27
,,,,,,
18/09/2003,29,24,18,1,8,28
,,,,,,
25/09/2003,13,7,5,1,28,25
,,,,,,
02/10/2003,3,8,36,5,25,28
,,,,,,
09/10/2003,24,39,33,5,13,37
,,,,,,
16/10/2003,19,8,4,1,11,18
,,,,,,
23/10/2003,26,29,3,9,4,30
,,,,,,
30/10/2003,13,29,5,20,21,35
,,,,,,
06/11/2003,34,16,6,11,17,29
,,,,,,
13/11/2003,2,34,11,16,9,22
,,,,,,
20/11/2003,22,34,20,2,15,17
,,,,,,
27/11/2003,10,32,39,40,3,37
,,,,,,
04/12/2003,35,10,24,26,32,23
,,,,,,
11/12/2003,12,22,18,32,17,36
,,,,,,
18/12/2003,25,40,15,34,35,39
,,,,,,
24/12/2003,7,30,10,33,24,32
,,,,,,
08/01/2004,22,4,8,15,21,6
,,,,,,
15/01/2004,7,18,27,3,8,4
,,,,,,
22/01/2004,19,39,27,22,8,16
,,,,,,
29/01/2004,11,37,34,25,26,15
,,,,,,
05/02/2004,16,34,24,14,29,10
,,,,,,
12/02/2004,18,13,17,27,4,38
,,,,,,
19/02/2004,9,5,20,29,28,17
,,,,,,
26/02/2004,3,24,25,5,27,37
,,,,,,
04/03/2004,36,37,32,34,23,6
,,,,,,
11/03/2004,17,29,40,9,32,33
,,,,,,
18/03/2004,7,33,12,27,16,32
,,,,,,
25/03/2004,2,34,15,29,5,24
,,,,,,
01/04/2004,18,14,11,23,29,20
,,,,,,
08/04/2004,31,19,14,16,40,3
,,,,,,
15/04/2004,15,28,6,16,3,32
,,,,,,
22/04/2004,16,34,37,13,40,12
,,,,,,
29/04/2004,22,12,24,39,21,13
,,,,,,
06/05/2004,20,26,1,3,14,2
,,,,,,
13/05/2004,4,7,1,15,39,16
,,,,,,
20/05/2004,24,13,21,32,2,26
,,,,,,
27/05/2004,31,24,30,3,18,38
,,,,,,
03/06/2004,9,36,5,21,30,4
,,,,,,
10/06/2004,4,23,25,14,30,37
,,,,,,
17/06/2004,2,7,40,17,9,5
,,,,,,
24/06/2004,29,21,33,1,26,12
,,,,,,
01/07/2004,33,36,27,14,2,26
,,,,,,
08/07/2004,12,35,22,14,29,8
,,,,,,
15/07/2004,32,3,33,29,11,16
,,,,,,
22/07/2004,37,32,10,35,17,8
,,,,,,
29/07/2004,28,12,37,34,14,32
,,,,,,
05/08/2004,9,13,8,32,36,34
,,,,,,
12/08/2004,34,27,26,28,9,1
,,,,,,
19/08/2004,37,1,16,13,18,8
,,,,,,
26/08/2004,2,23,18,4,37,19
,,,,,,
02/09/2004,28,38,10,3,6,2
,,,,,,
09/09/2004,19,5,16,31,32,38
,,,,,,
16/09/2004,37,13,33,8,22,32
,,,,,,
23/09/2004,21,6,2,20,7,17
,,,,,,
30/09/2004,37,31,18,36,23,10
,,,,,,
07/10/2004,24,6,13,18,31,28
,,,,,,
14/10/2004,4,23,29,14,1,33
,,,,,,
21/10/2004,10,18,12,27,32,4
,,,,,,
28/10/2004,27,36,14,25,23,12
,,,,,,
04/11/2004,8,38,19,7,18,9
,,,,,,
11/11/2004,33,34,31,38,15,22
,,,,,,
18/11/2004,8,22,17,25,1,12
,,,,,,
25/11/2004,18,8,20,9,11,7
,,,,,,
02/12/2004,6,35,13,21,11,33
,,,,,,
09/12/2004,9,26,24,32,3,40
,,,,,,
16/12/2004,9,32,8,4,34,1
,,,,,,
23/12/2004,25,15,26,27,22,1
,,,,,,
06/01/2005,22,18,29,39,9,31
,,,,,,
13/01/2005,23,33,28,25,6,11
,,,,,,
20/01/2005,35,37,14,9,39,22
,,,,,,
27/01/2005,18,38,15,37,13,25
,,,,,,
03/02/2005,21,28,10,34,26,8
,,,,,,
10/02/2005,24,20,34,30,32,6
,,,,,,
17/02/2005,11,2,22,4,12,35
,,,,,,
24/02/2005,30,33,21,14,7,13
,,,,,,
03/03/2005,18,31,30,10,38,28
,,,,,,
10/03/2005,38,17,21,32,9,1
,,,,,,
17/03/2005,38,14,40,28,7,5
,,,,,,
24/03/2005,25,35,10,15,14,29
,,,,,,
31/03/2005,13,28,5,8,33,32
,,,,,,
07/04/2005,8,25,10,16,11,35
,,,,,,
14/04/2005,15,21,25,13,4,1
,,,,,,
21/04/2005,6,16,9,29,24,27
,,,,,,
28/04/2005,14,33,35,13,31,4
,,,,,,
05/05/2005,23,3,20,25,30,38
,,,,,,
12/05/2005,25,4,27,17,28,15
,,,,,,
19/05/2005,1,7,33,28,35,19
,,,,,,
26/05/2005,15,21,23,34,10,26
,,,,,,
02/06/2005,36,23,11,28,14,24
,,,,,,
09/06/2005,15,39,29,28,25,23
,,,,,,
16/06/2005,6,17,28,23,22,11
,,,,,,
23/06/2005,37,23,38,6,32,14
,,,,,,
30/06/2005,32,4,5,18,10,31
,,,,,,
07/07/2005,24,18,30,7,19,23
,,,,,,
14/07/2005,23,25,22,34,29,36
,,,,,,
21/07/2005,28,10,2,24,37,26
,,,,,,
28/07/2005,35,26,1,30,21,40
,,,,,,
04/08/2005,21,1,3,37,30,14
,,,,,,
11/08/2005,30,31,10,21,23,2
,,,,,,
18/08/2005,3,10,16,32,2,30
,,,,,,
25/08/2005,11,37,19,31,10,18
,,,,,,
01/09/2005,9,5,23,12,35,26
,,,,,,
08/09/2005,12,6,26,31,16,22
,,,,,,
15/09/2005,33,40,7,1,39,11
,,,,,,
22/09/2005,26,14,36,1,21,15
,,,,,,
29/09/2005,39,9,14,17,29,40
,,,,,,
06/10/2005,13,22,24,37,29,39
,,,,,,
13/10/2005,26,24,4,2,17,13
,,,,,,
20/10/2005,24,28,2,38,31,19
,,,,,,
27/10/2005,12,2,17,8,14,32
,,,,,,
03/11/2005,27,20,23,40,14,12
,,,,,,
10/11/2005,7,2,20,23,34,17
,,,,,,
17/11/2005,20,9,3,31,38,27
,,,,,,
24/11/2005,19,33,7,39,14,15
,,,,,,
01/12/2005,17,36,25,15,18,23
,,,,,,
08/12/2005,39,18,15,1,11,20
,,,,,,
15/12/2005,22,6,13,7,27,30
,,,,,,
22/12/2005,22,21,34,28,25,2
,,,,,,
29/12/2005,36,32,7,37,16,30
,,,,,,
05/01/2006,39,6,13,26,18,23
,,,,,,
12/01/2006,11,21,15,29,10,26
,,,,,,
19/01/2006,30,20,29,23,35,19
,,,,,,
26/01/2006,34,22,4,12,7,13
,,,,,,
02/02/2006,31,7,32,5,29,15
,,,,,,
09/02/2006,17,25,32,15,36,13
,,,,,,
16/02/2006,5,37,10,39,32,35
23/02/2006,33,7,21,23,11,25
,,,,,,
02/03/2006,34,16,35,18,8,22
09/03/2006,34,37,40,4,18,23
,,,,,,
16/03/2006,8,14,2,25,36,39
23/03/2006,26,32,4,10,15,3
,,,,,,
30/03/2006,15,23,9,29,27,5
06/04/2006,24,1,18,29,37,3
,,,,,,
13/04/2006,29,32,27,19,24,36
20/04/2006,17,26,30,34,15,35
,,,,,,
27/04/2006,3,10,4,12,21,39
04/05/2006,22,18,7,20,5,24
,,,,,,
11/05/2006,27,3,32,8,38,15
18/05/2006,13,26,23,8,28,5
,,,,,,
25/05/2006,1,31,30,18,17,39
01/06/2006,30,36,9,13,40,4
,,,,,,
08/06/2006,31,37,25,5,6,28
15/06/2006,26,21,31,39,24,28
,,,,,,
22/06/2006,29,30,23,15,31,24
29/06/2006,6,11,17,18,27,19
,,,,,,
06/07/2006,5,12,10,6,36,15
13/07/2006,3,18,7,36,31,1
,,,,,,
20/07/2006,19,23,38,11,10,9
27/07/2006,25,7,8,1,2,19
,,,,,,
03/08/2006,39,32,36,21,34,9
10/08/2006,5,1,16,26,28,31
,,,,,,
17/08/2006,14,35,39,31,27,28
24/08/2006,34,39,24,17,13,9
,,,,,,
31/08/2006,18,14,32,28,33,3
07/09/2006,20,25,13,35,5,10
,,,,,,
14/09/2006,16,10,19,17,31,1
21/09/2006,33,24,23,27,22,25
,,,,,,
28/09/2006,35,21,29,30,11,28
05/10/2006,23,24,2,18,22,20
,,,,,,
12/10/2006,9,13,30,5,21,14
19/10/2006,39,24,3,26,4,28
,,,,,,
26/10/2006,3,20,8,30,15,28
02/11/2006,27,2,25,28,11,3
,,,,,,
09/11/2006,8,12,25,19,32,10
16/11/2006,26,18,4,28,39,24
,,,,,,
23/11/2006,2,19,33,24,20,17
30/11/2006,30,27,14,10,26,24
,,,,,,
07/12/2006,23,17,28,14,33,8
14/12/2006,3,40,29,1,15,30
,,,,,,
21/12/2006,35,8,31,38,19,23
28/12/2006,37,31,33,19,20,7
,,,,,,
04/01/2007,27,10,15,26,17,34
11/01/2007,26,32,20,18,3,31
,,,,,,
18/01/2007,24,23,9,34,7,14
25/01/2007,32,15,20,22,27,3
,,,,,,
01/02/2007,3,22,35,17,32,33
08/02/2007,37,26,17,21,4,38
,,,,,,
15/02/2007,20,9,39,27,21,14
22/02/2007,21,8,2,31,30,35
,,,,,,
01/03/2007,14,35,12,4,24,21
08/03/2007,14,18,25,22,7,4
,,,,,,
15/03/2007,28,31,3,4,1,8
22/03/2007,20,12,7,25,32,5
,,,,,,
29/03/2007,26,17,21,1,33,9
05/04/2007,37,39,5,38,1,34
,,,,,,
12/04/2007,3,5,32,20,4,23
19/04/2007,13,23,28,33,14,19
,,,,,,
26/04/2007,24,7,38,32,22,30
03/05/2007,3,30,38,23,17,28
,,,,,,
10/05/2007,19,3,21,23,40,38
17/05/2007,38,34,11,24,4,2
,,,,,,
24/05/2007,14,11,27,2,22,38
31/05/2007,33,37,26,10,15,27
,,,,,,
07/06/2007,15,29,26,20,9,27
14/06/2007,9,34,35,29,2,6
,,,,,,
21/06/2007,3,39,1,5,28,17
28/06/2007,24,13,1,33,18,37
,,,,,,
05/07/2007,26,12,34,7,36,21
12/07/2007,1,22,6,3,13,15
,,,,,,
19/07/2007,13,15,40,7,18,1
26/07/2007,35,23,17,20,10,36
,,,,,,
02/08/2007,36,6,18,13,8,38
09/08/2007,1,10,37,8,25,3
,,,,,,
16/08/2007,36,12,20,27,40,11
23/08/2007,12,5,13,25,10,20
,,,,,,
30/08/2007,21,6,16,31,25,8
06/09/2007,14,31,23,5,2,34
,,,,,,
13/09/2007,31,16,20,32,9,23
20/09/2007,30,16,22,5,18,20
,,,,,,
27/09/2007,23,14,33,13,5,11
04/10/2007,4,25,17,10,3,35
,,,,,,
11/10/2007,18,12,24,8,26,16
18/10/2007,1,40,8,6,26,16
,,,,,,
25/10/2007,13,21,26,23,9,20
01/11/2007,18,7,36,29,39,8
,,,,,,
08/11/2007,2,37,33,36,22,1
15/11/2007,13,37,14,11,35,27
,,,,,,
22/11/2007,34,13,27,23,17,20
29/11/2007,17,33,25,39,19,12
,,,,,,
06/12/2007,8,20,30,24,21,1
13/12/2007,27,26,29,1,18,20
,,,,,,
20/12/2007,26,21,23,12,14,19
03/01/2008,8,15,9,7,16,32
,,,,,,
10/01/2008,9,38,24,39,19,16
17/01/2008,16,2,14,6,21,15
,,,,,,
24/01/2008,21,9,3,30,1,23
31/01/2008,33,22,8,27,7,29
,,,,,,
07/02/2008,26,32,33,13,22,1
14/02/2008,6,25,27,29,5,39
,,,,,,
21/02/2008,19,26,34,29,40,37
28/02/2008,37,8,20,24,13,15
,,,,,,
06/03/2008,21,32,38,20,5,22
13/03/2008,27,30,24,17,20,9
,,,,,,
20/03/2008,7,8,6,32,28,23
27/03/2008,2,29,22,6,21,40
,,,,,,
03/04/2008,25,29,3,35,10,18
10/04/2008,25,16,1,6,21,15
,,,,,,
17/04/2008,25,36,38,31,32,3
24/04/2008,2,35,26,20,14,28
,,,,,,
01/05/2008,2,24,31,10,18,5
08/05/2008,25,39,8,6,32,29
,,,,,,
15/05/2008,9,5,6,35,19,13
22/05/2008,30,3,38,18,15,40
,,,,,,
29/05/2008,34,6,10,36,20,16
05/06/2008,10,38,39,9,33,30
,,,,,,
12/06/2008,7,23,29,1,2,5
19/06/2008,23,32,26,1,25,28
,,,,,,
26/06/2008,12,40,37,19,23,35
03/07/2008,29,2,7,36,15,8
,,,,,,
10/07/2008,11,3,10,7,33,32
17/07/2008,22,37,38,40,12,29
,,,,,,
24/07/2008,38,9,21,19,14,23
31/07/2008,3,16,31,12,2,27
,,,,,,
07/08/2008,35,39,31,27,24,12
14/08/2008,5,7,30,40,33,1
,,,,,,
21/08/2008,14,35,3,21,38,11
28/08/2008,8,19,6,29,27,18
,,,,,,
04/09/2008,37,22,10,8,25,28
11/09/2008,34,37,24,31,11,22
,,,,,,
18/09/2008,30,4,2,29,23,11
25/09/2008,18,25,27,35,36,20
,,,,,,
02/10/2008,3,18,26,17,20,24
09/10/2008,5,27,18,12,13,23
,,,,,,
16/10/2008,36,7,30,8,28,10
23/10/2008,28,8,10,36,20,2
,,,,,,
30/10/2008,12,8,7,19,29,2
06/11/2008,22,37,38,36,21,27
,,,,,,
13/11/2008,31,9,8,37,18,21
20/11/2008,11,4,19,5,13,9
,,,,,,
27/11/2008,26,18,39,31,29,22
04/12/2008,18,15,3,33,20,11
,,,,,,
11/12/2008,1,12,15,2,34,11
18/12/2008,32,39,1,35,8,22
,,,,,,
24/12/2008,3,30,24,10,18,38
08/01/2009,11,22,12,28,9,20
,,,,,,
15/01/2009,14,12,23,28,40,24
22/01/2009,7,14,25,40,39,3
,,,,,,
29/01/2009,10,14,9,33,4,32
05/02/2009,6,30,23,3,40,5
,,,,,,
12/02/2009,6,26,17,13,34,30
19/02/2009,6,35,1,29,32,37
,,,,,,
26/02/2009,37,20,9,26,14,8
05/03/2009,6,38,39,20,1,8
,,,,,,
12/03/2009,9,31,36,16,13,15
19/03/2009,20,33,18,13,5,7
,,,,,,
26/03/2009,25,6,38,14,33,27
02/04/2009,32,13,16,5,35,19
,,,,,,
09/04/2009,33,6,27,12,13,10
16/04/2009,35,20,27,6,24,8
,,,,,,
23/04/2009,27,20,3,7,25,30
30/04/2009,2,21,40,35,16,9
,,,,,,
07/05/2009,21,33,28,34,19,40
14/05/2009,40,3,31,14,37,11
,,,,,,
21/05/2009,28,9,6,7,3,12
28/05/2009,7,3,12,36,5,21
,,,,,,
04/06/2009,1,6,25,10,11,5
11/06/2009,10,5,33,4,12,16
,,,,,,
18/06/2009,6,34,7,16,22,12
25/06/2009,29,18,40,36,10,32
,,,,,,
02/07/2009,16,38,10,17,36,21
09/07/2009,27,22,2,29,40,31
,,,,,,
16/07/2009,3,24,9,4,1,14
23/07/2009,16,37,29,20,38,28
,,,,,,
30/07/2009,37,13,31,2,27,38
06/08/2009,27,11,29,24,23,32
,,,,,,
13/08/2009,20,12,24,7,23,26
20/08/2009,16,14,4,37,13,11
,,,,,,
27/08/2009,6,25,24,36,37,30
03/09/2009,1,33,16,30,35,39
,,,,,,
10/09/2009,32,36,18,5,19,26
17/09/2009,17,34,2,22,10,24
,,,,,,
24/09/2009,9,12,38,15,1,2
01/10/2009,40,12,30,25,20,13
,,,,,,
08/10/2009,33,22,1,24,36,17
15/10/2009,32,26,27,31,2,7
,,,,,,
22/10/2009,13,11,7,18,24,33
29/10/2009,16,25,31,21,29,27
,,,,,,
05/11/2009,9,31,32,18,6,11
12/11/2009,20,12,8,23,11,1
,,,,,,
19/11/2009,32,16,4,36,24,27
26/11/2009,19,30,27,34,5,9
,,,,,,
03/12/2009,4,21,17,31,15,36
10/12/2009,39,31,6,15,11,2
,,,,,,
17/12/2009,24,25,39,32,22,20
24/12/2009,40,13,22,15,7,34
,,,,,,
31/12/2009,33,24,4,36,10,13
07/01/2010,21,36,35,6,10,24
,,,,,,
14/01/2010,7,1,24,23,30,26
21/01/2010,22,1,23,33,18,29
,,,,,,
28/01/2010,28,39,38,16,25,13
04/02/2010,12,36,40,39,5,9
,,,,,,
11/02/2010,13,20,18,2,33,31
18/02/2010,39,30,20,29,1,21
,,,,,,
25/02/2010,40,11,4,31,15,25
04/03/2010,27,10,6,29,39,7
,,,,,,
11/03/2010,15,3,1,12,34,22
18/03/2010,9,19,34,8,27,26
,,,,,,
25/03/2010,30,8,17,29,11,23
01/04/2010,29,39,13,34,28,40
,,,,,,
04/04/2010,25,7,16,1,2,14
08/04/2010,5,16,30,13,26,27
,,,,,,
11/04/2010,3,29,6,34,18,24
15/04/2010,15,10,21,27,2,17
,,,,,,
18/04/2010,3,11,30,5,38,19
22/04/2010,30,36,26,35,29,4
,,,,,,
25/04/2010,12,15,25,14,5,11
29/04/2010,29,20,35,15,28,9
,,,,,,
02/05/2010,24,10,6,1,2,33
06/05/2010,20,7,18,39,29,3
,,,,,,
09/05/2010,17,39,20,23,4,27
13/05/2010,23,6,10,15,1,37
,,,,,,
16/05/2010,26,13,25,21,7,34
20/05/2010,27,19,9,17,20,32
,,,,,,
23/05/2010,36,27,32,8,28,25
27/05/2010,23,8,12,24,32,25
,,,,,,
30/05/2010,19,11,6,13,27,22
03/06/2010,3,8,29,13,30,16
,,,,,,
06/06/2010,34,29,10,19,23,1
10/06/2010,29,9,6,23,21,13
,,,,,,
13/06/2010,30,13,5,38,20,14
17/06/2010,3,8,5,23,9,10
,,,,,,
20/06/2010,13,21,2,11,26,38
24/06/2010,36,37,39,31,35,38
,,,,,,
27/06/2010,38,29,37,36,15,33
01/07/2010,15,27,7,36,29,31
,,,,,,
04/07/2010,13,19,25,10,4,2
08/07/2010,19,29,23,17,31,25
,,,,,,
11/07/2010,3,17,31,39,28,24
15/07/2010,40,34,5,8,21,17
,,,,,,
18/07/2010,27,3,10,22,19,9
22/07/2010,21,9,14,30,39,8
,,,,,,
25/07/2010,22,11,33,8,1,20
29/07/2010,4,32,3,2,15,38
,,,,,,
01/08/2010,35,39,21,19,40,6
05/08/2010,15,14,12,20,1,4
,,,,,,
08/08/2010,33,8,12,23,22,32
12/08/2010,39,24,4,28,23,38
,,,,,,
15/08/2010,15,10,24,40,1,32
19/08/2010,1,32,27,8,6,29
,,,,,,
22/08/2010,12,33,32,37,16,11
26/08/2010,10,35,30,40,36,4
,,,,,,
29/08/2010,20,36,12,32,24,30
02/09/2010,26,20,21,35,13,29
,,,,,,
05/09/2010,37,21,12,34,27,32
09/09/2010,39,20,13,16,22,12
,,,,,,
12/09/2010,9,33,5,14,40,16
16/09/2010,14,7,4,23,15,6
,,,,,,
19/09/2010,12,27,1,18,20,30
23/09/2010,1,26,35,23,18,30
,,,,,,
26/09/2010,28,34,7,38,4,11
30/09/2010,7,37,35,5,19,9
,,,,,,
03/10/2010,4,13,18,9,37,26
07/10/2010,20,8,5,30,3,26
,,,,,,
10/10/2010,20,6,35,17,10,28
14/10/2010,18,34,28,30,6,22
,,,,,,
17/10/2010,21,40,11,5,22,18
21/10/2010,4,5,18,15,40,12
,,,,,,
24/10/2010,23,29,9,22,10,3
28/10/2010,11,14,40,16,8,32
,,,,,,
31/10/2010,39,8,34,6,38,23
04/11/2010,19,3,27,35,28,39
,,,,,,
07/11/2010,29,5,8,1,24,38
11/11/2010,10,34,35,19,9,12
,,,,,,
14/11/2010,38,20,22,29,25,17
18/11/2010,11,29,4,34,5,15
,,,,,,
21/11/2010,30,35,22,29,13,36
25/11/2010,30,6,12,39,31,40
,,,,,,
28/11/2010,24,36,9,29,32,13
02/12/2010,34,22,17,2,31,40
,,,,,,
05/12/2010,12,20,17,18,2,30
09/12/2010,31,28,25,35,23,5
,,,,,,
12/12/2010,38,21,28,32,1,5
16/12/2010,16,23,10,4,26,15
,,,,,,
19/12/2010,21,20,23,17,18,38
23/12/2010,33,24,2,15,23,32
,,,,,,
30/12/2010,6,11,28,2,39,14
06/01/2011,6,14,37,5,40,32
,,,,,,
09/01/2011,2,31,19,26,5,10
13/01/2011,3,36,31,15,30,18
,,,,,,
16/01/2011,34,1,40,35,30,16
20/01/2011,2,40,6,12,34,26
,,,,,,
23/01/2011,37,19,30,12,26,9
27/01/2011,17,14,7,4,22,12
,,,,,,
30/01/2011,40,1,18,33,9,26
03/02/2011,34,17,29,19,32,31
,,,,,,
06/02/2011,16,38,23,34,15,4
10/02/2011,28,23,38,5,36,39
,,,,,,
13/02/2011,6,35,24,9,14,34
17/02/2011,23,39,2,1,40,12
,,,,,,
20/02/2011,40,14,34,24,26,21
24/02/2011,19,14,36,11,12,32
,,,,,,
27/02/2011,28,1,27,8,30,33
03/03/2011,34,39,8,31,27,29
,,,,,,
06/03/2011,25,2,21,35,38,22
10/03/2011,6,35,33,28,26,32
,,,,,,
13/03/2011,28,7,8,32,23,38
17/03/2011,10,8,28,14,20,6
,,,,,,
20/03/2011,30,33,18,39,27,8
24/03/2011,39,24,1,32,7,17
,,,,,,
27/03/2011,29,38,31,30,39,25
31/03/2011,18,27,10,22,1,39
,,,,,,
03/04/2011,36,33,32,18,29,12
07/04/2011,38,29,13,8,19,18
,,,,,,
10/04/2011,6,11,29,4,9,10
14/04/2011,39,36,13,7,11,37
,,,,,,
17/04/2011,3,32,25,27,10,8
21/04/2011,12,22,24,8,14,37
,,,,,,
24/04/2011,20,23,14,12,33,26
28/04/2011,24,23,5,25,38,36
,,,,,,
01/05/2011,22,31,10,15,4,9
05/05/2011,40,2,15,26,11,16
,,,,,,
08/05/2011,3,21,6,38,25,16
12/05/2011,24,6,16,13,5,27
,,,,,,
15/05/2011,17,11,40,15,1,28
19/05/2011,33,18,34,25,6,15
,,,,,,
22/05/2011,20,28,32,39,30,7
26/05/2011,32,36,19,30,34,8
,,,,,,
29/05/2011,6,22,17,12,38,30
02/06/2011,10,8,17,33,35,36
,,,,,,
05/06/2011,40,35,34,5,18,1
09/06/2011,35,32,25,30,36,23
,,,,,,
12/06/2011,9,1,33,4,23,18
16/06/2011,31,39,30,33,18,13
,,,,,,
19/06/2011,23,33,13,6,11,7
23/06/2011,10,21,15,18,27,4
,,,,,,
26/06/2011,8,33,31,29,15,39
30/06/2011,17,11,30,1,28,10
,,,,,,
03/07/2011,37,38,17,12,32,14
07/07/2011,19,36,30,27,34,17
,,,,,,
10/07/2011,12,5,20,33,34,26
14/07/2011,35,40,34,24,32,37
,,,,,,
17/07/2011,13,17,29,18,24,36
21/07/2011,36,28,34,5,3,31
,,,,,,
24/07/2011,35,17,2,25,9,36
28/07/2011,19,1,26,36,38,40
,,,,,,
31/07/2011,39,35,11,8,12,3
04/08/2011,35,2,25,7,1,29
,,,,,,
07/08/2011,36,28,8,35,19,18
11/08/2011,24,25,19,37,9,12
,,,,,,
14/08/2011,17,9,19,16,25,28
18/08/2011,28,13,3,19,20,34
,,,,,,
21/08/2011,25,7,33,18,24,9
25/08/2011,34,15,16,14,23,36
,,,,,,
28/08/2011,18,36,13,6,30,11
01/09/2011,19,33,20,11,7,35
,,,,,,
04/09/2011,17,38,30,13,24,26
08/09/2011,7,14,13,26,38,28
,,,,,,
11/09/2011,22,21,13,10,7,4
15/09/2011,16,35,7,8,34,2
,,,,,,
18/09/2011,7,39,37,31,28,3
22/09/2011,29,10,18,6,19,21
,,,,,,
25/09/2011,11,33,27,7,32,1
29/09/2011,23,16,12,8,39,33
,,,,,,
02/10/2011,7,17,3,2,12,21
06/10/2011,29,37,3,17,2,39
,,,,,,
09/10/2011,34,37,28,17,25,22
13/10/2011,15,10,25,37,8,16
,,,,,,
16/10/2011,24,14,38,12,25,21
20/10/2011,34,36,16,29,21,14
,,,,,,
23/10/2011,21,28,20,6,26,3
27/10/2011,6,3,34,28,40,29
,,,,,,
30/10/2011,35,24,33,10,13,12
03/11/2011,13,15,30,10,20,21
,,,,,,
06/11/2011,27,28,9,4,21,3
10/11/2011,10,5,39,14,21,2
,,,,,,
13/11/2011,24,5,16,23,38,22
17/11/2011,10,36,33,8,29,6
,,,,,,
20/11/2011,8,20,2,17,3,24
24/11/2011,17,28,36,4,23,16
,,,,,,
27/11/2011,17,37,23,5,19,34
01/12/2011,30,22,26,29,5,15
,,,,,,
04/12/2011,35,15,19,28,4,31
08/12/2011,9,17,38,31,3,37
,,,,,,
11/12/2011,27,23,12,18,1,37
15/12/2011,1,18,16,6,13,39
,,,,,,
18/12/2011,23,19,16,17,34,10
22/12/2011,33,39,29,35,9,40
,,,,,,
30/12/2011,31,1,7,16,17,15
30/12/2011,40,21,27,7,33,12
,,,,,,
05/01/2012,19,21,16,3,35,17
08/01/2012,29,22,8,13,1,33
,,,,,,
12/01/2012,4,5,13,24,16,25
15/01/2012,25,17,4,27,19,12
,,,,,,
19/01/2012,35,28,21,24,13,12
22/01/2012,30,40,17,13,19,25
,,,,,,
26/01/2012,4,2,17,8,40,26
29/01/2012,40,35,3,27,2,11
,,,,,,
02/02/2012,14,33,18,25,19,4
05/02/2012,9,24,19,30,16,11
,,,,,,
09/02/2012,18,19,15,10,21,9
12/02/2012,7,12,29,30,31,25
,,,,,,
16/02/2012,27,16,4,15,19,11
19/02/2012,31,1,40,36,11,19
,,,,,,
23/02/2012,28,5,27,12,14,13
26/02/2012,28,6,38,14,2,9
,,,,,,
01/03/2012,30,14,19,32,2,23
04/03/2012,22,36,14,24,12,16
,,,,,,
08/03/2012,39,38,15,34,33,26
11/03/2012,25,15,37,5,28,22
,,,,,,
15/03/2012,32,38,25,39,6,29
18/03/2012,24,10,9,18,11,12
,,,,,,
22/03/2012,18,8,3,21,6,12
25/03/2012,21,35,37,5,8,17
,,,,,,
29/03/2012,38,36,7,4,40,39
01/04/2012,4,36,39,13,17,34
,,,,,,
05/04/2012,13,4,5,6,27,16
08/04/2012,8,32,7,20,26,21
,,,,,,
15/04/2012,25,7,39,38,4,21
15/04/2012,20,35,8,29,5,28
,,,,,,
19/04/2012,38,25,36,18,6,28
22/04/2012,6,35,11,37,5,21
,,,,,,
26/04/2012,40,19,36,3,25,33
29/04/2012,15,5,40,32,3,25
,,,,,,
03/05/2012,31,27,19,12,38,13
06/05/2012,26,31,22,23,11,35
,,,,,,
10/05/2012,15,24,10,5,23,20
13/05/2012,10,11,35,26,5,19
,,,,,,
17/05/2012,20,22,38,17,28,35
20/05/2012,4,40,8,23,13,9
,,,,,,
24/05/2012,21,14,34,7,19,18
27/05/2012,18,12,3,4,8,39
,,,,,,
31/05/2012,29,21,40,3,32,8
03/06/2012,38,13,16,19,34,6
,,,,,,
07/06/2012,20,23,29,12,34,10
10/06/2012,8,19,4,15,32,18
,,,,,,
14/06/2012,3,26,30,33,35,11
17/06/2012,23,17,22,15,31,13
,,,,,,
21/06/2012,31,28,8,30,11,37
24/06/2012,13,1,8,39,40,24
,,,,,,
28/06/2012,29,38,10,4,9,25
01/07/2012,36,7,3,11,37,28
,,,,,,
05/07/2012,10,5,32,15,12,4
08/07/2012,19,33,31,9,39,10
,,,,,,
12/07/2012,4,1,24,13,5,9
15/07/2012,4,9,11,34,39,28
,,,,,,
19/07/2012,7,10,16,6,11,34
22/07/2012,15,1,29,11,12,16
,,,,,,
26/07/2012,14,22,27,40,31,8
29/07/2012,34,22,13,12,28,36
,,,,,,
02/08/2012,39,11,20,3,16,40
05/08/2012,8,16,11,39,37,30
,,,,,,
09/08/2012,11,15,26,18,28,3
12/08/2012,34,23,40,10,7,37
,,,,,,
16/08/2012,17,4,2,35,36,31
19/08/2012,36,4,25,26,35,1
,,,,,,
23/08/2012,16,27,1,6,25,38
26/08/2012,20,32,23,16,19,12
,,,,,,
30/08/2012,13,19,7,21,37,12
02/09/2012,8,39,13,14,34,30
,,,,,,
06/09/2012,1,22,31,24,16,14
09/09/2012,29,26,14,38,35,18
,,,,,,
16/09/2012,23,25,4,7,39,31
16/09/2012,39,12,10,35,15,40
,,,,,,
20/09/2012,9,2,13,16,36,6
23/09/2012,40,4,35,15,29,23
,,,,,,
27/09/2012,16,22,15,18,10,14
30/09/2012,8,31,29,7,16,4
,,,,,,
04/10/2012,33,36,21,8,3,2
07/10/2012,37,36,2,20,21,4
,,,,,,
11/10/2012,21,34,24,28,40,32
14/10/2012,1,34,22,39,13,10
,,,,,,
18/10/2012,32,28,30,36,16,9
21/10/2012,40,4,9,6,35,26
,,,,,,
25/10/2012,11,25,24,39,13,32
28/10/2012,27,12,13,38,26,11
,,,,,,
01/11/2012,6,1,28,30,11,26
04/11/2012,5,9,3,39,19,17
,,,,,,
08/11/2012,37,12,16,38,34,35
11/11/2012,13,27,6,29,2,12
,,,,,,
15/11/2012,38,17,40,31,37,36
18/11/2012,13,10,15,34,11,5
,,,,,,
22/11/2012,36,20,1,6,22,24
25/11/2012,12,2,36,25,22,37
,,,,,,
29/11/2012,39,23,7,6,3,4
02/12/2012,36,38,8,6,28,26
,,,,,,
06/12/2012,22,25,15,9,13,30
09/12/2012,10,26,34,24,9,39
,,,,,,
13/12/2012,2,12,11,34,1,10
16/12/2012,8,14,40,27,29,39
,,,,,,
20/12/2012,7,27,20,28,12,22
23/12/2012,31,16,23,37,4,13
,,,,,,
30/12/2012,35,3,27,14,5,34
30/12/2012,35,34,14,32,23,31
,,,,,,
06/01/2013,28,4,10,29,21,16
10/01/2013,27,28,17,14,34,5
,,,,,,
13/01/2013,28,9,32,12,5,6
17/01/2013,36,18,23,24,25,30
,,,,,,
20/01/2013,15,11,12,39,22,23
24/01/2013,8,28,3,34,31,2
,,,,,,
27/01/2013,25,23,39,16,18,40
31/01/2013,34,12,6,16,38,36
,,,,,,
03/02/2013,12,2,23,18,4,39
07/02/2013,9,24,11,36,37,8
,,,,,,
10/02/2013,24,8,19,31,6,36
14/02/2013,11,10,28,4,22,2
,,,,,,
17/02/2013,37,18,11,38,16,20
21/02/2013,7,30,14,27,26,22
,,,,,,
24/02/2013,10,30,37,33,20,27
28/02/2013,8,15,12,20,40,21
,,,,,,
03/03/2013,23,16,36,29,9,12
07/03/2013,17,14,27,4,24,25
,,,,,,
10/03/2013,38,18,40,24,9,19
14/03/2013,17,12,32,5,18,24
,,,,,,
17/03/2013,29,25,39,18,28,27
21/03/2013,19,17,27,33,1,25
,,,,,,
24/03/2013,34,13,37,1,25,33
28/03/2013,20,11,34,24,30,25
,,,,,,
31/03/2013,1,36,14,4,21,5
04/04/2013,32,12,4,26,39,16
,,,,,,
07/04/2013,31,36,27,8,30,13
11/04/2013,4,13,5,22,31,17
,,,,,,
14/04/2013,33,12,27,25,34,28
18/04/2013,37,7,29,38,12,19
,,,,,,
21/04/2013,2,34,28,11,17,32
25/04/2013,21,9,34,20,29,5
,,,,,,
28/04/2013,40,20,19,32,36,39
05/05/2013,37,27,30,26,32,6
,,,,,,
05/05/2013,3,27,34,31,36,30
09/05/2013,27,5,38,8,18,10
,,,,,,
12/05/2013,8,23,24,31,38,7
16/05/2013,34,14,5,17,12,35
,,,,,,
19/05/2013,12,19,38,16,33,2
23/05/2013,2,28,24,25,15,6
,,,,,,
26/05/2013,32,8,4,18,20,27
30/05/2013,33,8,2,30,5,25
,,,,,,
02/06/2013,10,16,12,39,6,33
06/06/2013,6,21,35,9,25,38
,,,,,,
09/06/2013,12,10,16,27,33,29
13/06/2013,29,8,18,13,11,10
,,,,,,
16/06/2013,37,34,30,13,8,15
20/06/2013,37,8,36,10,20,12
,,,,,,
23/06/2013,28,13,7,30,38,21
27/06/2013,34,10,17,40,24,29
,,,,,,
30/06/2013,15,17,24,30,31,23
04/07/2013,14,1,31,35,23,28
,,,,,,
07/07/2013,25,33,19,40,17,14
11/07/2013,3,12,27,10,11,28
,,,,,,
14/07/2013,32,25,23,10,3,36
18/07/2013,30,36,9,24,21,27
,,,,,,
21/07/2013,22,4,26,23,2,7
25/07/2013,9,29,30,3,21,34
,,,,,,
28/07/2013,17,19,15,10,29,18
01/08/2013,40,21,39,2,24,34
,,,,,,
04/08/2013,22,2,7,37,18,32
08/08/2013,1,21,15,10,17,8
,,,,,,
11/08/2013,1,25,22,11,6,15
15/08/2013,36,25,31,39,40,19
,,,,,,
18/08/2013,33,13,20,11,32,19
22/08/2013,30,14,8,39,13,33
,,,,,,
25/08/2013,7,17,25,19,26,16
29/08/2013,11,18,10,32,16,39
,,,,,,
01/09/2013,18,38,27,13,29,4
05/09/2013,22,36,31,34,7,13
,,,,,,
08/09/2013,23,3,35,33,4,31
15/09/2013,39,17,1,28,20,6
,,,,,,
15/09/2013,14,7,40,37,28,3
19/09/2013,8,9,3,33,6,38
,,,,,,
22/09/2013,28,37,16,40,10,9
26/09/2013,14,32,1,9,29,15
,,,,,,
29/09/2013,10,31,2,23,13,21
03/10/2013,11,5,16,36,26,24
,,,,,,
06/10/2013,37,11,30,14,4,19
10/10/2013,4,33,26,16,8,20
,,,,,,
13/10/2013,2,16,31,24,22,30
17/10/2013,40,28,2,37,29,14
,,,,,,
20/10/2013,6,20,38,13,3,25
24/10/2013,16,8,31,32,23,40
,,,,,,
27/10/2013,38,20,24,17,6,33
31/10/2013,30,26,1,17,34,29
,,,,,,
03/11/2013,11,5,10,36,2,16
07/11/2013,20,14,12,15,31,39
,,,,,,
10/11/2013,25,32,38,2,16,18
14/11/2013,39,37,11,33,19,40
,,,,,,
17/11/2013,3,10,38,34,20,35
21/11/2013,38,11,32,37,4,30
,,,,,,
24/11/2013,15,8,10,36,16,31
28/11/2013,35,34,11,31,30,37
,,,,,,
01/12/2013,38,24,6,22,4,30
05/12/2013,10,20,37,9,12,35
,,,,,,
08/12/2013,6,11,20,24,14,15
12/12/2013,4,39,26,36,1,32
,,,,,,
15/12/2013,31,9,14,18,4,38
19/12/2013,26,9,14,29,40,27
,,,,,,
22/12/2013,20,2,32,31,38,10
30/12/2013,3,16,34,37,39,30
,,,,,,
30/12/2013,4,18,25,16,40,8
05/01/2014,26,3,12,1,19,9
,,,,,,
09/01/2014,29,31,36,5,8,22
12/01/2014,4,6,18,17,29,33
,,,,,,
16/01/2014,24,2,23,19,27,35
19/01/2014,8,33,4,40,27,17
,,,,,,
23/01/2014,30,40,16,7,22,27
26/01/2014,12,9,22,40,10,6
,,,,,,
30/01/2014,25,22,36,5,7,24
02/02/2014,15,28,10,4,33,16
,,,,,,
06/02/2014,18,8,9,5,31,16
09/02/2014,5,22,19,35,15,24
,,,,,,
13/02/2014,26,21,27,34,18,38
16/02/2014,39,6,30,16,40,32
,,,,,,
20/02/2014,26,24,38,31,9,25
23/02/2014,33,27,36,23,15,17
,,,,,,
27/02/2014,3,36,6,38,1,15
02/03/2014,34,21,38,4,29,22
,,,,,,
06/03/2014,24,39,34,5,38,1
09/03/2014,1,29,12,6,33,23
,,,,,,
13/03/2014,24,17,3,36,9,21
16/03/2014,11,23,21,12,24,32
,,,,,,
20/03/2014,26,20,7,22,40,21
23/03/2014,13,14,38,40,34,18
,,,,,,
27/03/2014,33,18,1,5,29,26
30/03/2014,22,25,26,23,14,6
,,,,,,
03/04/2014,16,12,31,36,1,22
06/04/2014,33,1,30,34,3,27
,,,,,,
10/04/2014,31,1,33,14,40,39
13/04/2014,16,10,11,14,30,13
,,,,,,
20/04/2014,23,16,5,4,31,9
20/04/2014,9,20,14,3,4,22
,,,,,,
24/04/2014,18,3,14,28,15,32
27/04/2014,22,3,8,34,32,28
,,,,,,
01/05/2014,5,9,2,23,12,40
04/05/2014,19,12,40,22,39,23
,,,,,,
08/05/2014,2,35,26,19,23,33
11/05/2014,25,20,4,15,31,35
,,,,,,
15/05/2014,8,36,7,24,15,14
18/05/2014,36,26,20,37,30,16
,,,,,,
22/05/2014,7,15,29,6,12,34
25/05/2014,22,33,12,26,40,2
,,,,,,
29/05/2014,25,21,20,22,16,40
01/06/2014,4,40,36,34,28,15
,,,,,,
05/06/2014,28,16,7,18,1,4
08/06/2014,32,4,28,14,26,33
,,,,,,
12/06/2014,9,20,8,19,16,18
15/06/2014,2,14,18,8,11,13
,,,,,,
19/06/2014,11,22,35,10,7,16
22/06/2014,24,5,36,6,25,40
,,,,,,
26/06/2014,18,28,10,26,32,38
29/06/2014,18,19,2,20,35,9
,,,,,,
03/07/2014,30,18,1,31,11,9
06/07/2014,21,24,3,4,6,33
,,,,,,
10/07/2014,10,22,1,39,3,28
13/07/2014,30,1,11,29,3,14
,,,,,,
17/07/2014,4,24,7,3,19,21
20/07/2014,26,36,13,1,39,4
,,,,,,
24/07/2014,37,11,5,15,2,13
27/07/2014,40,31,6,18,12,25
,,,,,,
31/07/2014,15,31,4,22,8,3
03/08/2014,9,35,23,29,11,22
,,,,,,
07/08/2014,11,16,23,36,33,30
10/08/2014,19,26,33,32,2,9
,,,,,,
14/08/2014,15,17,38,16,22,33
17/08/2014,21,26,9,11,24,18
,,,,,,
21/08/2014,4,16,9,35,34,18
24/08/2014,12,6,9,19,2,34
,,,,,,
28/08/2014,18,19,1,9,14,29
31/08/2014,39,26,37,2,22,17
,,,,,,
04/09/2014,34,2,29,9,3,6
07/09/2014,20,10,12,21,14,22
,,,,,,
14/09/2014,6,23,37,31,2,4
14/09/2014,38,30,40,26,29,18
,,,,,,
18/09/2014,12,33,10,23,13,6
21/09/2014,39,9,19,24,37,33
,,,,,,
25/09/2014,15,22,14,4,33,10
28/09/2014,15,19,9,2,16,26
,,,,,,
02/10/2014,30,16,32,5,36,14
05/10/2014,8,22,6,38,12,19
,,,,,,
09/10/2014,13,11,10,23,32,2
12/10/2014,10,19,28,5,33,17
,,,,,,
16/10/2014,20,37,28,36,27,31
19/10/2014,37,6,17,11,40,32
,,,,,,
23/10/2014,20,30,9,33,36,13
26/10/2014,29,5,4,10,7,8
,,,,,,
30/10/2014,31,40,27,35,28,25
02/11/2014,33,2,8,38,35,25
,,,,,,
06/11/2014,18,1,9,24,4,37
09/11/2014,34,9,38,17,6,26
,,,,,,
13/11/2014,16,38,22,23,30,24
16/11/2014,4,11,9,10,5,15
,,,,,,
20/11/2014,1,27,11,36,33,15
23/11/2014,4,26,20,29,37,30
,,,,,,
27/11/2014,32,37,19,4,36,21
30/11/2014,31,11,29,6,8,34
,,,,,,
04/12/2014,1,26,2,4,40,3
07/12/2014,12,10,31,9,6,39
,,,,,,
11/12/2014,14,40,12,15,37,18
14/12/2014,3,21,12,8,16,33
,,,,,,
18/12/2014,15,19,35,2,28,27
21/12/2014,34,29,32,40,8,13
,,,,,,
30/12/2014,9,11,38,1,21,3
30/12/2014,28,16,34,24,23,13
,,,,,,
11/01/2015,31,1,37,30,16,27
15/01/2015,18,6,22,12,7,25
,,,,,,
18/01/2015,4,34,25,14,36,20
22/01/2015,3,10,39,1,12,21
,,,,,,
25/01/2015,19,9,17,20,15,10
29/01/2015,2,24,11,20,39,12
,,,,,,
01/02/2015,4,37,16,18,26,25
05/02/2015,14,11,32,16,2,4
,,,,,,
08/02/2015,9,13,6,28,37,34
12/02/2015,9,30,18,28,36,6
,,,,,,
15/02/2015,20,5,12,39,27,31
19/02/2015,26,5,12,9,23,38
,,,,,,
22/02/2015,10,23,19,26,11,33
26/02/2015,8,13,29,17,22,4
,,,,,,
01/03/2015,31,30,8,25,4,29
01/03/2015,32,36,12,19,5,39
,,,,,,
05/03/2015,19,4,35,22,34,15
08/03/2015,37,8,5,11,4,21
,,,,,,
12/03/2015,14,3,13,34,7,39
15/03/2015,18,14,13,28,32,19
,,,,,,
19/03/2015,24,10,21,23,30,14
22/03/2015,8,11,26,39,35,20
,,,,,,
26/03/2015,29,39,20,26,30,9
29/03/2015,32,36,34,27,8,37
,,,,,,
02/04/2015,4,16,10,30,37,32
05/04/2015,11,34,4,33,8,12
,,,,,,
09/04/2015,37,16,22,8,13,10
12/04/2015,33,39,35,23,16,18
12/04/2015,38,8,5,6,37,30
,,,,,,
16/04/2015,38,11,16,15,31,21
19/04/2015,22,31,3,2,1,7
,,,,,,
23/04/2015,32,7,11,15,18,29
26/04/2015,29,14,35,38,1,24
,,,,,,
30/04/2015,39,11,15,33,24,18
03/05/2015,16,26,36,6,11,33
,,,,,,
07/05/2015,19,23,36,34,32,11
10/05/2015,12,1,35,32,15,38
,,,,,,
14/05/2015,22,16,35,13,3,5
17/05/2015,24,32,4,3,15,40
,,,,,,
21/05/2015,15,40,34,21,24,3
24/05/2015,17,2,29,27,32,30
,,,,,,
28/05/2015,13,25,26,11,1,31
31/05/2015,21,36,28,12,24,4
,,,,,,
04/06/2015,9,35,16,20,5,33
07/06/2015,37,26,14,36,34,1
,,,,,,
11/06/2015,14,5,22,15,26,34
14/06/2015,2,21,29,18,13,5
,,,,,,
18/06/2015,8,24,30,7,1,31
21/06/2015,6,12,5,9,19,33
,,,,,,
25/06/2015,16,4,23,21,36,28
28/06/2015,4,34,39,31,30,3
,,,,,,
02/07/2015,8,26,7,25,36,23
05/07/2015,33,24,2,26,20,16
,,,,,,
09/07/2015,36,17,39,2,18,30
12/07/2015,22,13,31,34,6,3
,,,,,,
16/07/2015,26,35,27,4,17,23
19/07/2015,33,34,37,21,18,7
,,,,,,
23/07/2015,14,4,8,40,20,2
26/07/2015,21,36,30,34,24,33
,,,,,,
30/07/2015,14,2,4,39,12,15
02/08/2015,25,38,30,34,36,37
,,,,,,
06/08/2015,26,19,7,29,27,14
09/08/2015,6,29,13,30,4,1
,,,,,,
13/08/2015,34,3,37,19,16,1
16/08/2015,20,34,7,27,11,32
,,,,,,
20/08/2015,33,7,26,27,24,18
23/08/2015,30,10,6,2,32,25
,,,,,,
27/08/2015,26,22,5,12,24,16
30/08/2015,26,25,37,16,6,35
,,,,,,
03/09/2015,27,2,9,15,3,4
06/09/2015,20,25,14,3,19,4
,,,,,,
13/09/2015,7,24,22,32,38,26
13/09/2015,18,24,38,40,4,28
,,,,,,
17/09/2015,25,11,37,34,4,38
20/09/2015,19,25,21,3,13,17
,,,,,,
24/09/2015,39,25,4,20,30,14
27/09/2015,34,7,9,10,17,14
,,,,,,
01/10/2015,11,8,2,9,20,14
04/10/2015,35,4,3,20,17,1
,,,,,,
08/10/2015,37,7,9,25,40,22
11/10/2015,13,15,30,16,40,23
,,,,,,
15/10/2015,1,21,35,9,2,28
18/10/2015,18,12,31,23,2,39
,,,,,,
22/10/2015,9,27,28,5,35,17
25/10/2015,3,9,7,23,30,4
,,,,,,
29/10/2015,7,6,9,21,1,10
01/11/2015,1,40,36,39,10,32
,,,,,,
05/11/2015,35,22,26,12,34,36
08/11/2015,15,19,8,4,22,37
,,,,,,
12/11/2015,5,39,19,22,13,23
15/11/2015,14,29,2,33,15,9
,,,,,,
19/11/2015,19,6,16,31,34,4
22/11/2015,37,10,33,27,22,13
,,,,,,
26/11/2015,25,20,15,40,33,16
29/11/2015,12,35,32,23,40,15
,,,,,,
03/12/2015,33,5,16,4,24,18
06/12/2015,9,29,25,31,38,16
,,,,,,
10/12/2015,23,34,20,39,28,11
13/12/2015,32,5,24,6,13,9
,,,,,,
17/12/2015,9,6,22,38,25,36
20/12/2015,36,13,16,17,8,9
,,,,,,
30/12/2015,23,28,36,1,14,33
30/12/2015,21,32,25,39,30,28
,,,,,,
07/01/2016,10,29,9,28,16,14
10/01/2016,4,23,37,21,35,16
,,,,,,
14/01/2016,4,30,7,5,25,22
17/01/2016,24,10,31,19,13,5
,,,,,,
21/01/2016,5,7,39,32,23,30
24/01/2016,33,27,30,12,25,9
,,,,,,
28/01/2016,4,24,31,34,22,37
31/01/2016,37,24,1,19,5,22
,,,,,,
04/02/2016,15,29,8,36,7,11
07/02/2016,18,15,5,7,38,12
,,,,,,
11/02/2016,39,9,3,17,38,30
14/02/2016,14,15,32,38,17,4
,,,,,,
18/02/2016,24,20,30,2,36,18
21/02/2016,33,8,1,37,21,3
,,,,,,
25/02/2016,27,38,26,23,25,18
28/02/2016,26,30,33,10,40,22
,,,,,,
03/03/2016,15,19,31,2,17,12
06/03/2016,7,30,17,4,23,1
,,,,,,
06/03/2016,28,40,35,9,26,10
10/03/2016,5,35,22,8,14,1
,,,,,,
13/03/2016,10,32,6,19,24,15
17/03/2016,31,25,21,13,27,14
,,,,,,
20/03/2016,6,22,3,27,13,17
24/03/2016,8,16,3,30,40,35
,,,,,,
27/03/2016,1,9,4,10,16,37
31/03/2016,26,25,40,6,39,36
,,,,,,
03/04/2016,16,3,38,27,5,11
07/04/2016,32,16,5,27,7,22
,,,,,,
10/04/2016,27,21,36,39,5,10
14/04/2016,22,16,34,20,2,11
,,,,,,
17/04/2016,22,11,9,37,32,2
21/04/2016,38,7,12,9,2,13
,,,,,,
24/04/2016,38,27,26,14,16,1
01/05/2016,20,21,11,23,33,26
,,,,,,
01/05/2016,37,29,19,38,28,4
05/05/2016,29,10,30,33,12,4
,,,,,,
08/05/2016,9,33,20,12,11,36
12/05/2016,7,31,17,10,36,18
,,,,,,
15/05/2016,32,5,3,1,2,36
19/05/2016,28,19,18,8,27,6
,,,,,,
22/05/2016,16,14,4,18,31,32
26/05/2016,19,34,7,6,16,18
,,,,,,
29/05/2016,39,26,6,25,38,19
02/06/2016,8,25,4,29,13,23
,,,,,,
05/06/2016,39,38,25,22,36,10
09/06/2016,14,29,5,28,10,13
,,,,,,
12/06/2016,16,8,28,29,30,34
16/06/2016,21,18,12,37,20,13
,,,,,,
19/06/2016,32,36,17,10,5,16
23/06/2016,25,30,13,7,11,10
,,,,,,
26/06/2016,13,26,11,4,15,21
30/06/2016,23,17,37,24,7,19
,,,,,,
03/07/2016,26,22,31,14,28,30
07/07/2016,2,21,11,39,16,28
,,,,,,
10/07/2016,5,31,21,9,34,26
14/07/2016,23,7,26,27,32,5
,,,,,,
17/07/2016,39,20,29,25,34,32
21/07/2016,35,18,19,24,28,9
,,,,,,
24/07/2016,12,25,16,4,23,6
28/07/2016,7,8,22,12,6,30
,,,,,,
31/07/2016,11,1,25,10,20,13
04/08/2016,3,7,9,8,31,15
,,,,,,
07/08/2016,31,5,37,40,25,30
11/08/2016,19,11,24,28,10,16
,,,,,,
14/08/2016,10,33,12,26,34,15
18/08/2016,30,1,15,35,31,6
,,,,,,
21/08/2016,18,23,19,5,7,25
25/08/2016,7,28,26,33,8,3
,,,,,,
28/08/2016,34,32,14,31,22,7
01/09/2016,12,10,19,27,2,9
,,,,,,
04/09/2016,31,35,33,38,20,23
08/09/2016,33,11,25,17,34,12
,,,,,,
11/09/2016,19,30,2,36,27,16
15/09/2016,7,17,23,30,12,8
,,,,,,
18/09/2016,6,25,3,38,5,4
18/09/2016,1,29,26,13,8,9
,,,,,,
22/09/2016,38,12,26,19,35,4
25/09/2016,26,4,2,5,13,27
,,,,,,
29/09/2016,40,39,16,24,23,17
02/10/2016,32,10,40,2,38,33
,,,,,,
06/10/2016,21,30,38,25,24,2
09/10/2016,31,25,10,29,16,30
,,,,,,
13/10/2016,40,9,11,18,16,39
16/10/2016,4,38,6,23,36,31
,,,,,,
20/10/2016,14,30,7,2,8,33
23/10/2016,11,18,16,13,3,38
,,,,,,
27/10/2016,24,20,22,39,17,4
30/10/2016,7,1,4,17,33,30
,,,,,,
03/11/2016,15,34,25,17,2,11
06/11/2016,4,1,26,20,14,21
,,,,,,
10/11/2016,26,13,38,29,15,8
13/11/2016,12,29,4,23,7,24
,,,,,,
17/11/2016,32,3,20,17,36,23
20/11/2016,19,35,1,39,27,34
,,,,,,
24/11/2016,37,19,20,36,33,16
27/11/2016,6,29,4,23,28,11
,,,,,,
04/12/2016,30,36,23,31,28,2
08/12/2016,29,40,34,24,13,20
,,,,,,
11/12/2016,19,27,21,35,29,22
15/12/2016,36,14,5,19,4,26
,,,,,,
18/12/2016,20,37,30,26,15,35
22/12/2016,26,32,15,38,1,27
,,,,,,
31/12/2016,17,21,6,4,37,3
31/12/2016,2,27,33,1,21,3
,,,,,,
05/01/2017,13,34,31,3,17,5
08/01/2017,36,30,29,22,9,10
,,,,,,
12/01/2017,17,29,25,24,16,13
15/01/2017,4,10,29,11,31,20
,,,,,,
19/01/2017,21,22,25,24,33,27
22/01/2017,20,2,15,31,14,24
,,,,,,
26/01/2017,15,38,4,27,11,32
29/01/2017,32,10,24,31,33,18
,,,,,,
02/02/2017,14,20,8,33,6,27
05/02/2017,40,36,29,35,17,32
,,,,,,
09/02/2017,33,30,7,22,26,12
12/02/2017,4,13,37,36,15,3
,,,,,,
16/02/2017,3,22,4,20,1,26
19/02/2017,34,39,20,26,36,4
,,,,,,
23/02/2017,39,14,27,33,37,30
26/02/2017,19,24,4,6,28,3
,,,,,,
02/03/2017,9,27,15,17,5,25
05/03/2017,20,32,6,25,31,2
,,,,,,
05/03/2017,32,26,36,5,22,4
09/03/2017,2,11,12,1,20,39
,,,,,,
12/03/2017,31,21,2,8,35,14
16/03/2017,15,37,7,19,16,28
,,,,,,
19/03/2017,38,12,28,2,9,40
23/03/2017,39,4,37,18,13,19
,,,,,,
26/03/2017,23,11,9,2,21,29
30/03/2017,6,20,22,7,12,5
,,,,,,
02/04/2017,7,4,6,24,36,12
06/04/2017,19,32,13,12,8,5
,,,,,,
09/04/2017,7,5,27,29,38,12
16/04/2017,1,10,14,3,12,36
,,,,,,
16/04/2017,35,19,20,3,10,29
20/04/2017,19,23,9,32,33,18
,,,,,,
23/04/2017,6,40,34,35,19,28
27/04/2017,30,8,39,25,11,35
,,,,,,
30/04/2017,10,5,39,13,35,14
04/05/2017,4,12,13,29,10,15
,,,,,,
07/05/2017,22,3,24,35,29,7
11/05/2017,15,23,18,40,35,29
,,,,,,
14/05/2017,25,10,24,19,7,38
18/05/2017,11,8,16,34,19,37
,,,,,,
21/05/2017,24,30,12,10,37,7
25/05/2017,6,22,5,15,18,2
,,,,,,
28/05/2017,3,8,28,31,25,38
01/06/2017,20,2,21,5,35,16
,,,,,,
04/06/2017,25,21,12,29,7,13
08/06/2017,18,30,38,28,37,32
,,,,,,
11/06/2017,36,13,3,35,17,11
15/06/2017,34,31,16,22,11,21
,,,,,,
18/06/2017,23,21,3,40,34,15
22/06/2017,38,29,33,7,35,8
,,,,,,
25/06/2017,21,26,29,12,13,3
29/06/2017,39,38,6,20,23,3
,,,,,,
02/07/2017,36,27,1,15,33,22
06/07/2017,4,33,11,6,29,18
,,,,,,
09/07/2017,19,8,1,21,32,17
13/07/2017,7,34,12,38,15,10
,,,,,,
16/07/2017,27,22,13,10,4,1
20/07/2017,17,2,31,33,22,34
,,,,,,
23/07/2017,5,39,15,12,20,6
27/07/2017,37,25,2,32,27,40
,,,,,,
30/07/2017,25,39,26,28,34,2
03/08/2017,18,4,30,9,5,10
,,,,,,
06/08/2017,8,38,1,25,33,20
10/08/2017,26,16,12,22,19,6
,,,,,,
13/08/2017,19,39,25,17,35,23
13/08/2017,22,30,25,36,34,3
,,,,,,
17/08/2017,21,6,24,22,10,30
20/08/2017,10,32,29,33,21,30
,,,,,,
24/08/2017,2,22,27,12,8,25
27/08/2017,34,4,39,30,38,28
,,,,,,
31/08/2017,39,6,26,29,5,13
03/09/2017,18,12,26,14,15,30
,,,,,,
07/09/2017,38,13,8,37,3,31
10/09/2017,10,31,9,11,34,8
,,,,,,
17/09/2017,37,33,18,13,25,20
17/09/2017,38,14,8,37,36,27
,,,,,,
21/09/2017,14,2,38,35,17,28
24/09/2017,12,27,2,35,37,7
,,,,,,
28/09/2017,24,2,32,6,19,30
01/10/2017,6,35,40,3,4,28
,,,,,,
05/10/2017,24,30,36,3,34,9
08/10/2017,15,12,34,33,30,13
,,,,,,
12/10/2017,31,32,6,35,29,18
15/10/2017,13,35,24,7,5,39
,,,,,,
19/10/2017,2,8,12,24,34,29
22/10/2017,24,14,39,3,27,22
,,,,,,
26/10/2017,25,34,4,37,35,3
29/10/2017,29,32,5,37,4,30
,,,,,,
02/11/2017,27,30,35,40,38,17
05/11/2017,27,26,19,38,20,37
,,,,,,
09/11/2017,27,13,10,3,39,5
12/11/2017,16,37,33,27,11,14
,,,,,,
16/11/2017,40,22,3,18,19,36
19/11/2017,7,26,14,35,6,12
,,,,,,
23/11/2017,25,23,38,37,27,16
26/11/2017,4,25,31,27,40,38
,,,,,,
30/11/2017,4,21,31,40,19,29
03/12/2017,12,39,16,36,6,8
,,,,,,
07/12/2017,40,29,7,37,20,33
10/12/2017,11,4,16,39,10,37
,,,,,,
14/12/2017,10,26,11,40,16,15
17/12/2017,31,20,26,37,6,4
,,,,,,
21/12/2017,21,6,35,31,24,9
24/12/2017,33,38,24,13,6,22
,,,,,,
31/12/2017,17,28,20,37,24,23
31/12/2017,15,6,1,19,10,13
,,,,,,
04/01/2018,3,36,6,20,2,24
07/01/2018,37,27,29,18,22,7
,,,,,,
11/01/2018,39,11,14,20,9,23
14/01/2018,2,22,23,10,24,33
,,,,,,
18/01/2018,24,12,33,27,6,32
21/01/2018,34,6,27,39,18,23
,,,,,,
25/01/2018,8,14,2,17,10,1
28/01/2018,11,33,13,14,16,10
,,,,,,
01/02/2018,2,25,20,1,40,35
04/02/2018,1,18,27,39,34,30
,,,,,,
08/02/2018,8,31,38,24,34,27
11/02/2018,40,8,12,26,30,29
,,,,,,
15/02/2018,17,29,8,10,14,6
18/02/2018,22,16,23,29,6,38
,,,,,,
22/02/2018,15,21,1,34,6,7
25/02/2018,32,14,29,1,10,12
,,,,,,
01/03/2018,35,20,4,12,24,7
04/03/2018,30,17,6,15,40,8
,,,,,,
04/03/2018,7,4,3,37,1,22
08/03/2018,17,28,29,24,16,21
,,,,,,
11/03/2018,16,36,4,20,34,21
15/03/2018,36,12,26,5,25,11
,,,,,,
18/03/2018,5,25,28,37,23,36
22/03/2018,17,1,26,8,9,35
,,,,,,
25/03/2018,31,1,17,8,7,3
29/03/2018,3,4,16,31,13,30
,,,,,,
01/04/2018,36,2,20,5,25,27
08/04/2018,2,35,40,28,37,34
,,,,,,
08/04/2018,38,37,13,35,14,40
12/04/2018,34,7,26,13,14,23
,,,,,,
15/04/2018,21,13,27,37,36,32
19/04/2018,22,31,8,29,28,14
,,,,,,
22/04/2018,20,21,9,6,15,14
26/04/2018,8,5,6,26,10,31
,,,,,,
29/04/2018,19,39,25,22,31,10
03/05/2018,19,3,17,5,14,4
,,,,,,
06/05/2018,35,4,28,11,19,15
10/05/2018,36,6,27,18,5,2
,,,,,,
13/05/2018,22,35,23,10,39,8
17/05/2018,14,15,36,1,18,39
,,,,,,
20/05/2018,7,32,25,18,20,30
24/05/2018,34,35,21,9,19,40
,,,,,,
27/05/2018,39,19,11,30,15,26
31/05/2018,11,10,17,32,18,15
,,,,,,
03/06/2018,2,8,23,6,31,39
07/06/2018,8,28,19,31,30,33
,,,,,,
10/06/2018,36,28,2,20,16,32
14/06/2018,35,27,16,13,23,40
,,,,,,
17/06/2018,14,4,22,13,15,38
21/06/2018,34,17,24,2,25,7
,,,,,,
24/06/2018,37,14,36,3,30,25
28/06/2018,36,11,2,4,7,38
,,,,,,
01/07/2018,20,17,16,15,8,3
05/07/2018,37,23,3,34,40,36
,,,,,,
08/07/2018,35,40,37,21,11,3
12/07/2018,34,7,33,37,6,21
,,,,,,
15/07/2018,29,34,16,21,14,8
19/07/2018,19,12,21,39,1,23
,,,,,,
22/07/2018,1,2,26,14,13,24
26/07/2018,14,23,30,32,20,34
,,,,,,
29/07/2018,18,14,2,16,21,7
02/08/2018,31,20,24,7,19,13
,,,,,,
05/08/2018,22,6,15,10,1,18
09/08/2018,23,21,38,35,28,9
,,,,,,
12/08/2018,14,6,16,17,8,30
16/08/2018,27,16,20,25,5,8
,,,,,,
19/08/2018,9,17,31,36,4,25
23/08/2018,40,18,33,32,34,14
,,,,,,
26/08/2018,1,10,12,13,35,36
30/08/2018,35,21,27,37,32,7
,,,,,,
02/09/2018,18,17,15,37,36,6
06/09/2018,21,27,33,18,39,20
,,,,,,
09/09/2018,26,31,20,13,37,9
13/09/2018,36,10,26,5,13,16
,,,,,,
16/09/2018,1,19,4,31,23,26
16/09/2018,36,2,11,4,39,8
,,,,,,
20/09/2018,36,38,32,30,6,21
23/09/2018,18,23,6,40,38,16
,,,,,,
27/09/2018,6,16,8,30,18,33
30/09/2018,5,8,14,6,31,17
,,,,,,
04/10/2018,30,26,12,24,25,14
07/10/2018,29,25,14,10,33,40
,,,,,,
11/10/2018,20,22,16,1,6,33
14/10/2018,19,30,33,23,2,25
,,,,,,
18/10/2018,6,14,17,23,20,31
21/10/2018,35,13,15,11,26,12
,,,,,,
21/10/2018,26,8,6,33,31,11
25/10/2018,9,24,16,14,32,30
,,,,,,
28/10/2018,1,26,12,23,22,6
01/11/2018,29,16,22,6,30,13
,,,,,,
04/11/2018,22,30,9,25,34,10
08/11/2018,19,32,29,26,1,27
,,,,,,
11/11/2018,11,32,28,33,26,36
15/11/2018,9,23,36,16,10,35
,,,,,,
18/11/2018,30,28,12,14,37,3
18/11/2018,8,36,18,26,13,28
,,,,,,
22/11/2018,3,5,38,19,4,2
25/11/2018,36,13,15,27,32,28
,,,,,,
29/11/2018,11,39,10,14,36,1
02/12/2018,22,40,6,20,34,35
,,,,,,
02/12/2018,35,11,7,37,9,32
06/12/2018,21,15,10,12,31,26
,,,,,,
09/12/2018,14,2,15,13,36,4
13/12/2018,27,4,34,20,12,35
,,,,,,
16/12/2018,4,30,33,19,28,2
20/12/2018,32,3,21,17,12,35
,,,,,,
23/12/2018,20,3,33,4,24,2
31/12/2018,38,1,33,13,35,10
,,,,,,
06/01/2019,38,29,39,18,8,2
10/01/2019,37,14,12,21,1,36
,,,,,,
13/01/2019,8,30,7,20,29,24
17/01/2019,28,27,4,19,9,14
,,,,,,
20/01/2019,31,11,13,1,19,8
24/01/2019,23,18,4,17,37,6
,,,,,,
27/01/2019,18,22,17,38,40,1
31/01/2019,15,24,14,32,29,3
,,,,,,
03/02/2019,21,1,27,20,8,40
07/02/2019,11,20,39,3,34,12
,,,,,,
10/02/2019,8,2,21,32,12,10
14/02/2019,26,18,37,7,38,22
,,,,,,
17/02/2019,31,25,3,9,39,24
21/02/2019,23,9,31,29,28,39
,,,,,,
24/02/2019,30,4,16,13,37,7
28/02/2019,6,18,25,14,12,21
,,,,,,
03/03/2019,34,2,23,3,13,29
07/03/2019,16,9,24,2,3,12
,,,,,,
10/03/2019,29,14,31,12,16,34
14/03/2019,37,40,14,15,39,5
,,,,,,
17/03/2019,23,16,18,3,27,37
21/03/2019,29,2,11,26,18,23
,,,,,,
24/03/2019,20,16,7,37,36,2
28/03/2019,7,35,33,22,20,1
,,,,,,
31/03/2019,33,30,36,18,37,22
04/04/2019,2,14,12,24,36,22
,,,,,,
07/04/2019,37,19,34,29,21,22
11/04/2019,14,26,1,36,18,39
,,,,,,
14/04/2019,23,24,33,25,26,39
18/04/2019,20,35,38,13,19,5
,,,,,,
21/04/2019,4,26,33,34,32,14
27/04/2019,36,10,8,32,38,4
,,,,,,
27/04/2019,14,29,35,3,32,18
02/05/2019,34,11,22,30,2,25
,,,,,,
05/05/2019,15,8,21,35,17,33
09/05/2019,36,3,14,7,30,21
,,,,,,
12/05/2019,19,39,11,4,21,18
16/05/2019,19,2,6,29,34,27
,,,,,,
19/05/2019,22,2,25,5,31,12
23/05/2019,17,19,24,25,14,6
,,,,,,
26/05/2019,11,37,24,6,40,15
30/05/2019,18,7,31,33,24,39
,,,,,,
02/06/2019,11,18,40,17,22,37
06/06/2019,13,22,18,28,8,32
,,,,,,
09/06/2019,24,11,6,33,29,27
13/06/2019,18,16,1,29,5,30
,,,,,,
16/06/2019,37,4,22,11,31,9
20/06/2019,39,20,1,29,33,8
,,,,,,
23/06/2019,4,26,32,15,39,19
27/06/2019,20,9,24,36,17,5
,,,,,,
30/06/2019,39,12,6,28,7,40
04/07/2019,2,13,4,38,25,31
,,,,,,
07/07/2019,26,30,34,29,23,17
11/07/2019,11,34,30,32,29,25
,,,,,,
14/07/2019,31,27,30,34,19,35
18/07/2019,30,19,6,20,26,28
,,,,,,
21/07/2019,18,39,36,1,29,40
25/07/2019,29,30,1,40,16,19
,,,,,,
28/07/2019,36,12,18,33,24,3
01/08/2019,21,35,34,19,18,5
,,,,,,
04/08/2019,36,10,5,40,20,6
08/08/2019,13,22,37,11,16,25
,,,,,,
11/08/2019,26,32,35,22,40,38
15/08/2019,25,3,33,11,21,4
,,,,,,
18/08/2019,8,30,27,34,13,3
22/08/2019,6,9,33,39,15,26
,,,,,,
25/08/2019,18,29,21,35,36,2
29/08/2019,1,39,40,22,2,28
,,,,,,
01/09/2019,32,37,18,30,27,40
05/09/2019,17,4,31,35,33,38
,,,,,,
08/09/2019,4,7,3,17,5,40
12/09/2019,31,5,38,24,34,13
,,,,,,
15/09/2019,20,14,16,36,11,13
15/09/2019,25,28,22,5,17,20
,,,,,,
19/09/2019,5,12,34,31,37,28
22/09/2019,30,19,40,25,35,12
,,,,,,
26/09/2019,28,5,21,25,20,37
29/09/2019,35,11,2,39,24,33
,,,,,,
03/10/2019,9,7,14,17,40,4
,,,,,,
